[
{
    "model": "products.genre",
    "pk": 2,
    "fields": {
        "name": "Motivational & Inspirational"
    }
},
{
    "model": "products.genre",
    "pk": 3,
    "fields": {
        "name": "Self-help"
    }
},
{
    "model": "products.genre",
    "pk": 4,
    "fields": {
        "name": "Spirituality"
    }
},
{
    "model": "products.genre",
    "pk": 5,
    "fields": {
        "name": "Personal finance"
    }
},
{
    "model": "products.genre",
    "pk": 6,
    "fields": {
        "name": "Biography"
    }
},
{
    "model": "products.genre",
    "pk": 7,
    "fields": {
        "name": "Non-fiction"
    }
},
{
    "model": "products.genre",
    "pk": 8,
    "fields": {
        "name": "Psychology"
    }
},
{
    "model": "products.genre",
    "pk": 9,
    "fields": {
        "name": "Romance novel"
    }
},
{
    "model": "products.year",
    "pk": 1,
    "fields": {
        "year": "1999"
    }
},
{
    "model": "products.year",
    "pk": 2,
    "fields": {
        "year": "2018"
    }
},
{
    "model": "products.year",
    "pk": 3,
    "fields": {
        "year": "1997"
    }
},
{
    "model": "products.year",
    "pk": 4,
    "fields": {
        "year": "1937"
    }
},
{
    "model": "products.year",
    "pk": 5,
    "fields": {
        "year": "2016"
    }
},
{
    "model": "products.year",
    "pk": 6,
    "fields": {
        "year": "1989"
    }
},
{
    "model": "products.year",
    "pk": 7,
    "fields": {
        "year": "2022"
    }
},
{
    "model": "products.year",
    "pk": 8,
    "fields": {
        "year": "2012"
    }
},
{
    "model": "products.year",
    "pk": 9,
    "fields": {
        "year": "1946"
    }
},
{
    "model": "products.year",
    "pk": 10,
    "fields": {
        "year": "2011"
    }
},
{
    "model": "products.year",
    "pk": 11,
    "fields": {
        "year": "1998"
    }
},
{
    "model": "products.year",
    "pk": 12,
    "fields": {
        "year": "2008"
    }
},
{
    "model": "products.author",
    "pk": 2,
    "fields": {
        "name": "Robin Sharma"
    }
},
{
    "model": "products.author",
    "pk": 3,
    "fields": {
        "name": "James Clear"
    }
},
{
    "model": "products.author",
    "pk": 4,
    "fields": {
        "name": "Eckhart Tolle"
    }
},
{
    "model": "products.author",
    "pk": 5,
    "fields": {
        "name": "Napoleon Hill"
    }
},
{
    "model": "products.author",
    "pk": 6,
    "fields": {
        "name": "Mark Manson"
    }
},
{
    "model": "products.author",
    "pk": 7,
    "fields": {
        "name": "Stephen Covey"
    }
},
{
    "model": "products.author",
    "pk": 8,
    "fields": {
        "name": "Don Miguel Ruiz"
    }
},
{
    "model": "products.author",
    "pk": 9,
    "fields": {
        "name": "Julie Smith"
    }
},
{
    "model": "products.author",
    "pk": 10,
    "fields": {
        "name": "Robert Kiyosaki"
    }
},
{
    "model": "products.author",
    "pk": 11,
    "fields": {
        "name": "Charles Duhigg"
    }
},
{
    "model": "products.author",
    "pk": 12,
    "fields": {
        "name": "Jordan Peterson"
    }
},
{
    "model": "products.author",
    "pk": 13,
    "fields": {
        "name": "Viktor Frankl"
    }
},
{
    "model": "products.author",
    "pk": 14,
    "fields": {
        "name": "Daniel Kahneman"
    }
},
{
    "model": "products.author",
    "pk": 15,
    "fields": {
        "name": "Robert Greene"
    }
},
{
    "model": "products.author",
    "pk": 16,
    "fields": {
        "name": "Malcolm Gladwell"
    }
},
{
    "model": "products.author",
    "pk": 17,
    "fields": {
        "name": "Spencer Johnson"
    }
},
{
    "model": "products.author",
    "pk": 18,
    "fields": {
        "name": "Alain de Botton"
    }
},
{
    "model": "products.product",
    "pk": 2,
    "fields": {
        "genre": 2,
        "year": 2,
        "author": 2,
        "name": "The 5 AM Club",
        "description": "Robin Sharma is a globally respected humanitarian. Widely considered one of the world's top leadership and personal optimization advisors, his clients include famed billionaires, professional sports superstars and many Fortune 100 companies. The author's #1 bestsellers, such as the Monk Who Sold His Ferrari, The Greatness Guide and The Leader Who Had No Title are in over 92 languages, making him one of the most broadly read writers alive today.",
        "price": "3.50",
        "rating": "4.80",
        "image_url": "https://m.media-amazon.com/images/I/41alUjROZ5L._SY445_SX342_.jpg",
        "image": "",
        "best_seller": false
    }
},
{
    "model": "products.product",
    "pk": 3,
    "fields": {
        "genre": 3,
        "year": 2,
        "author": 3,
        "name": "Atomic Habits: An Easy & Proven Way to Build Good Habits & Break Bad Ones",
        "description": "A supremely practical and useful book. James Clear distils the most fundamental information about habit formation, so you can accomplish more by focusing on less.",
        "price": "7.40",
        "rating": "4.60",
        "image_url": "https://m.media-amazon.com/images/I/41E0EMHIKpL._SX342_SY445_.jpg",
        "image": "",
        "best_seller": false
    }
},
{
    "model": "products.product",
    "pk": 4,
    "fields": {
        "genre": 3,
        "year": 3,
        "author": 4,
        "name": "The Power of Now: A Guide to Spiritual Enlightenment",
        "description": "The Power of Now: A Guide to Spiritual Enlightenment is a book by Eckhart Tolle. It presents itself as a discussion about how people interact with themselves and others. The concept of self reflection and presence in the moment are presented along with simple exercises for the achievement of its principles.",
        "price": "9.67",
        "rating": "4.60",
        "image_url": "https://m.media-amazon.com/images/I/51idV1yUYCL._SY445_SX342_.jpg",
        "image": "",
        "best_seller": false
    }
},
{
    "model": "products.product",
    "pk": 5,
    "fields": {
        "genre": 3,
        "year": 4,
        "author": 5,
        "name": "Think And Grow Rich",
        "description": "Think and Grow Rich is a book written by Napoleon Hill and Rosa Lee Beeland released in 1937 and promoted as a personal development and self-improvement book. He claimed to be inspired by a suggestion from business magnate and later-philanthropist Andrew Carnegie. However, there is no evidence that the two ever met.",
        "price": "9.82",
        "rating": "4.20",
        "image_url": "https://m.media-amazon.com/images/I/41ZjbK1JExL._SY445_SX342_.jpg",
        "image": "",
        "best_seller": true
    }
},
{
    "model": "products.product",
    "pk": 6,
    "fields": {
        "genre": 3,
        "year": 5,
        "author": 6,
        "name": "The Subtle Art of Not Giving a F*ck",
        "description": "The Subtle Art of Not Giving a F*ck: A Counterintuitive Approach to Living a Good Life is a 2016 nonfiction self-help book by American blogger and author Mark Manson.",
        "price": "14.30",
        "rating": "4.50",
        "image_url": "https://m.media-amazon.com/images/I/51mN3bY0JjL._SY445_SX342_.jpg",
        "image": "",
        "best_seller": true
    }
},
{
    "model": "products.product",
    "pk": 7,
    "fields": {
        "genre": 3,
        "year": 6,
        "author": 7,
        "name": "The 7 Habits of Highly Effective People",
        "description": "The 7 Habits of Highly Effective People, first published in 1989, is a business and self-help book written by Stephen R. Covey. Covey defines effectiveness as the balance of obtaining desirable results with caring for that which produces those results.",
        "price": "21.55",
        "rating": "4.60",
        "image_url": "https://m.media-amazon.com/images/I/51G4LdDNUGL._SY445_SX342_.jpg",
        "image": "",
        "best_seller": true
    }
},
{
    "model": "products.product",
    "pk": 8,
    "fields": {
        "genre": 4,
        "year": 3,
        "author": 8,
        "name": "The Four Agreements: Practical Guide to Personal Freedom",
        "description": "The Four Agreements: A Practical Guide to Personal Freedom is a self-help book by the author Don Miguel Ruiz. The book outlines a code of conduct based on Toltec teachings that purport to improve one’s life. The book was originally published in 1997 by Amber-Allen publishing in San Rafael, California.",
        "price": "5.66",
        "rating": "4.50",
        "image_url": "https://m.media-amazon.com/images/I/517MwXYNucL._SY445_SX342_.jpg",
        "image": "",
        "best_seller": false
    }
},
{
    "model": "products.product",
    "pk": 9,
    "fields": {
        "genre": 3,
        "year": 7,
        "author": 9,
        "name": "Why Has Nobody Told Me This Before?",
        "description": "Why Has Nobody Told Me This Before? is a mental health self-help book by Julie Smith, a British clinical psychologist.",
        "price": "8.00",
        "rating": "4.20",
        "image_url": "https://m.media-amazon.com/images/I/41qCtjp7scL._SY445_SX342_.jpg",
        "image": "",
        "best_seller": false
    }
},
{
    "model": "products.product",
    "pk": 10,
    "fields": {
        "genre": 5,
        "year": 3,
        "author": 10,
        "name": "Rich Dad Poor Dad",
        "description": "Rich Dad Poor Dad is a 1997 book written by Robert T. Kiyosaki and Sharon Lechter. It advocates the importance of financial literacy, financial independence and building wealth through investing in assets, real estate investing, starting and owning businesses, as well as increasing one's financial intelligence.",
        "price": "10.49",
        "rating": "4.40",
        "image_url": "https://m.media-amazon.com/images/I/51u8ZRDCVoL._SY445_SX342_.jpg",
        "image": "",
        "best_seller": false
    }
},
{
    "model": "products.product",
    "pk": 11,
    "fields": {
        "genre": 3,
        "year": 8,
        "author": 11,
        "name": "The Power of Habit",
        "description": "The Power of Habit: Why We Do What We Do in Life and Business is a book by Charles Duhigg, a New York Times reporter, published in February 2012 by Random House. It explores the science behind habit creation and reformation. The book reached the best seller list for The New York Times, Amazon.com, and USA Today.",
        "price": "8.28",
        "rating": "4.40",
        "image_url": "https://m.media-amazon.com/images/I/41IhmDI07KL._SY445_SX342_.jpg",
        "image": "",
        "best_seller": false
    }
},
{
    "model": "products.product",
    "pk": 12,
    "fields": {
        "genre": 3,
        "year": 2,
        "author": 12,
        "name": "12 Rules for Life",
        "description": "12 Rules for Life: An Antidote to Chaos is a 2018 self-help book by the Canadian clinical psychologist Jordan Peterson. It provides life advice through essays in abstract ethical principles, psychology, mythology, religion, and personal anecdotes.",
        "price": "15.69",
        "rating": "4.60",
        "image_url": "https://m.media-amazon.com/images/I/414DrcAE4-S._SY445_SX342_.jpg",
        "image": "",
        "best_seller": false
    }
},
{
    "model": "products.product",
    "pk": 13,
    "fields": {
        "genre": 6,
        "year": 9,
        "author": 13,
        "name": "Man's Search for Meaning",
        "description": "Man's Search for Meaning is a 1946 book by Viktor Frankl chronicling his experiences as a prisoner in Nazi concentration camps during World War II, and describing his psychotherapeutic method, which involved identifying a purpose to each person's life through one of three ways: the completion of tasks, caring for another person, or finding meaning by facing suffering with dignity.",
        "price": "7.39",
        "rating": "4.50",
        "image_url": "https://m.media-amazon.com/images/I/418jzUm2ZZL._SY445_SX342_.jpg",
        "image": "",
        "best_seller": false
    }
},
{
    "model": "products.product",
    "pk": 14,
    "fields": {
        "genre": 7,
        "year": 10,
        "author": 14,
        "name": "Thinking, Fast and Slow",
        "description": "Thinking, Fast and Slow is a 2011 popular science book by psychologist Daniel Kahneman. The book's main thesis is a differentiation between two modes of thought: \"System 1\" is fast, instinctive and emotional; \"System 2\" is slower, more deliberative, and more logical.",
        "price": "10.35",
        "rating": "4.50",
        "image_url": "https://m.media-amazon.com/images/I/41ALfsawZDL._SY445_SX342_.jpg",
        "image": "",
        "best_seller": false
    }
},
{
    "model": "products.product",
    "pk": 15,
    "fields": {
        "genre": 3,
        "year": 11,
        "author": 15,
        "name": "The 48 Laws of Power",
        "description": "The 48 Laws of Power is a self-help book by American author Robert Greene. The book is a New York Times bestseller, selling over 1.2 million copies in the United States.",
        "price": "11.45",
        "rating": "4.60",
        "image_url": "https://m.media-amazon.com/images/I/31RW8HQ31WL._SY445_SX342_.jpg",
        "image": "",
        "best_seller": false
    }
},
{
    "model": "products.product",
    "pk": 16,
    "fields": {
        "genre": 7,
        "year": 12,
        "author": 16,
        "name": "Outliers",
        "description": "Outliers: The Story of Success is a non-fiction book written by Malcolm Gladwell and published by Little, Brown and Company on November 18, 2008. In Outliers, Gladwell examines the factors that contribute to high levels of success.",
        "price": "9.11",
        "rating": "4.50",
        "image_url": "https://m.media-amazon.com/images/I/41MJc+8fkyL._SY445_SX342_.jpg",
        "image": "",
        "best_seller": false
    }
},
{
    "model": "products.product",
    "pk": 17,
    "fields": {
        "genre": 8,
        "year": 11,
        "author": 17,
        "name": "Who Moved My Cheese?",
        "description": "Who Moved My Cheese? An Amazing Way to Deal with Change in Your Work and in Your Life, published on September 8, 1998, is a bestselling work and motivational business fable by Spencer Johnson.",
        "price": "6.64",
        "rating": "4.70",
        "image_url": "https://m.media-amazon.com/images/I/414ABVOJ5ZL._SY445_SX342_.jpg",
        "image": "",
        "best_seller": false
    }
},
{
    "model": "products.product",
    "pk": 18,
    "fields": {
        "genre": 9,
        "year": 5,
        "author": 18,
        "name": "The Course of Love",
        "description": "In Edinburgh, a couple, Rabih and Kirsten, fall in love. They get married, they have children -- but no relationship is as simple as \"happily ever after.\" The Course of Love is a novel that explores what happens after the birth of love, what it takes to maintain love, and what happens to our original ideals under the pressures of an average existence. With philosophical insight and psychological acumen, Alain de Botton shows that our Romantic dreams may do us a grave disservice -- and explores what the alternatives might be. The conclusion, as the characters gradually discover, is that love is not \"an enthusiasm,\" but rather a \"skill\" that must be slowly and often painfully learnt.",
        "price": "8.00",
        "rating": "4.30",
        "image_url": "https://m.media-amazon.com/images/I/91XiE+wDUML._AC_.jpg",
        "image": "",
        "best_seller": false
    }
}
]
